metric,value
MAE,899.1840525690243
RMSE,1198.2865627364374
MAPE,126.39688939885174
sMAPE,46.596483303741906
MASE,1.488399049313711
R2,0.15382356453935697
